engine,num_events,num_trials,avg_time,std_time,min_time,max_time,ops_per_sec,avg_latency_us,avg_fills
Python,9000,2,0.08461845850069949,0.01956870852882842,0.07078129200090189,0.0984556250004971,106359.772553947,9.402050944522166,9387
C++,9000,2,0.04875695850023476,0.0001515563192008463,0.04864979199919617,0.04886412500127335,184589.0366593861,5.417439833359418,6865
