engine,num_events,num_trials,avg_time,std_time,min_time,max_time,ops_per_sec,avg_latency_us,avg_fills
Python,4500,2,0.03633689599882928,0.0012653972850943905,0.03544212499764399,0.03723166700001457,123841.06777158356,8.074865777517617,4759
C++,4500,2,0.03180725050151523,0.01067542654090547,0.024258584002382122,0.03935591700064833,141477.1767143353,7.068277889225606,3433
