engine,num_events,num_trials,avg_time,std_time,min_time,max_time,ops_per_sec,avg_latency_us,avg_fills
Python,90000,3,0.8322563747254511,0.029577802754308824,0.8013372910209,0.8602799172513187,108139.75444728753,9.247293052505013,95642
C++,90000,3,0.5753506392550966,0.09027728884189684,0.5020553339272738,0.676192041952163,156426.34918512046,6.392784880612184,71072.66666666667
