engine,num_events,num_trials,avg_time,std_time,min_time,max_time,ops_per_sec,avg_latency_us,avg_fills
Python,450000,3,4.149187180524071,0.14306616400618016,4.029987458139658,4.307840042281896,108454.97694398109,9.220415956720156,476966
C++,450000,3,2.7248368612490594,0.16007698246759136,2.5423400001600385,2.8414981248788536,165147.50163564688,6.0551930249979105,356503.3333333333
