engine,num_events,num_trials,avg_time,std_time,min_time,max_time,ops_per_sec,avg_latency_us,avg_fills
Python,900000,3,8.693721500070145,0.5407858988849067,8.215141375083476,9.280387707985938,103522.9849487056,9.659690555633494,953122.6666666666
C++,900000,3,6.360022111019741,0.41616355910045233,5.936693541705608,6.768630041740835,141508.94199575315,7.066691234466378,710506
